Sample_ID	forward_read	reverse_read	read_compression	category
GK8AGN	/data/service/Pools/EsViritu/p2026/MergedFastqs/GK8AGN/GGTTGAATCT-CACGGTGTAT_1_sequence.txt.bz2	/data/service/Pools/EsViritu/p2026/MergedFastqs/GK8AGN/GGTTGAATCT-CACGGTGTAT_2_sequence.txt.bz2	bz2	sample
ZSW6GC	/data/service/Pools/EsViritu/p2026/MergedFastqs/ZSW6GC/ATATTGGAGC-GCTAGGTCAA_1_sequence.txt.bz2	/data/service/Pools/EsViritu/p2026/MergedFastqs/ZSW6GC/ATATTGGAGC-GCTAGGTCAA_2_sequence.txt.bz2	bz2	sample
J8J3MP	/data/service/Pools/EsViritu/p2026/MergedFastqs/J8J3MP/AACTCGTTAG-GGTGCCTCAT_1_sequence.txt.bz2	/data/service/Pools/EsViritu/p2026/MergedFastqs/J8J3MP/AACTCGTTAG-GGTGCCTCAT_2_sequence.txt.bz2	bz2	sample
DSVHGN	/data/service/Pools/EsViritu/p2026/MergedFastqs/DSVHGN/AGCAAGACAG-AAGAAGATCC_1_sequence.txt.bz2	/data/service/Pools/EsViritu/p2026/MergedFastqs/DSVHGN/AGCAAGACAG-AAGAAGATCC_2_sequence.txt.bz2	bz2	sample
ZAQGLL	/data/service/Pools/EsViritu/p2026/MergedFastqs/ZAQGLL/CCGGAACGAA-CTACACTATG_1_sequence.txt.bz2	/data/service/Pools/EsViritu/p2026/MergedFastqs/ZAQGLL/CCGGAACGAA-CTACACTATG_2_sequence.txt.bz2	bz2	sample
J57HWE	/data/service/Pools/EsViritu/p2026/MergedFastqs/J57HWE/TATCCATAGC-TAACAACCTC_1_sequence.txt.bz2	/data/service/Pools/EsViritu/p2026/MergedFastqs/J57HWE/TATCCATAGC-TAACAACCTC_2_sequence.txt.bz2	bz2	sample
KEXF93	/data/service/Pools/EsViritu/p2026/MergedFastqs/KEXF93/TCAACACTCT-CGGTAAGTGG_1_sequence.txt.bz2	/data/service/Pools/EsViritu/p2026/MergedFastqs/KEXF93/TCAACACTCT-CGGTAAGTGG_2_sequence.txt.bz2	bz2	sample
UWAW7J	/data/service/Pools/EsViritu/p2026/MergedFastqs/UWAW7J/TATGAGCCAA-CCAGACTGAG_1_sequence.txt.bz2	/data/service/Pools/EsViritu/p2026/MergedFastqs/UWAW7J/TATGAGCCAA-CCAGACTGAG_2_sequence.txt.bz2	bz2	sample
NP3XBZ	/data/service/Pools/EsViritu/p2026/MergedFastqs/NP3XBZ/TCACCATACC-TTGGCAAGAA_1_sequence.txt.bz2	/data/service/Pools/EsViritu/p2026/MergedFastqs/NP3XBZ/TCACCATACC-TTGGCAAGAA_2_sequence.txt.bz2	bz2	sample
ZADBN2	/data/service/Pools/EsViritu/p2026/MergedFastqs/ZADBN2/GTGTGGCGAA-TCTAACCTTC_1_sequence.txt.bz2	/data/service/Pools/EsViritu/p2026/MergedFastqs/ZADBN2/GTGTGGCGAA-TCTAACCTTC_2_sequence.txt.bz2	bz2	sample
G9KN7J	/data/service/Pools/EsViritu/p2026/MergedFastqs/G9KN7J/CCACAACATG-CCACTGGTAA_1_sequence.txt.bz2	/data/service/Pools/EsViritu/p2026/MergedFastqs/G9KN7J/CCACAACATG-CCACTGGTAA_2_sequence.txt.bz2	bz2	sample
GSZES8	/data/service/Pools/EsViritu/p2026/MergedFastqs/GSZES8/CTGCGAAGAC-GGAAGTGGTT_1_sequence.txt.bz2	/data/service/Pools/EsViritu/p2026/MergedFastqs/GSZES8/CTGCGAAGAC-GGAAGTGGTT_2_sequence.txt.bz2	bz2	sample
ADAUFF	/data/service/Pools/EsViritu/p2026/MergedFastqs/ADAUFF/AAGGTGGTTG-GTATGACCGG_1_sequence.txt.bz2	/data/service/Pools/EsViritu/p2026/MergedFastqs/ADAUFF/AAGGTGGTTG-GTATGACCGG_2_sequence.txt.bz2	bz2	sample
NXBBFZ	/data/service/Pools/EsViritu/p2026/MergedFastqs/NXBBFZ/CGCTCGATTG-CCTGTGTATT_1_sequence.txt.bz2	/data/service/Pools/EsViritu/p2026/MergedFastqs/NXBBFZ/CGCTCGATTG-CCTGTGTATT_2_sequence.txt.bz2	bz2	sample
Y3DAT6	/data/service/Pools/EsViritu/p2026/MergedFastqs/Y3DAT6/GTGTCGGATT-TTCTCCGCTT_1_sequence.txt.bz2	/data/service/Pools/EsViritu/p2026/MergedFastqs/Y3DAT6/GTGTCGGATT-TTCTCCGCTT_2_sequence.txt.bz2	bz2	sample
EZ6K2H	/data/service/Pools/EsViritu/p2026/MergedFastqs/EZ6K2H/ACCTTCTAGA-TTACCGTGAT_1_sequence.txt.bz2	/data/service/Pools/EsViritu/p2026/MergedFastqs/EZ6K2H/ACCTTCTAGA-TTACCGTGAT_2_sequence.txt.bz2	bz2	sample
PQHDRM	/data/service/Pools/EsViritu/p2026/MergedFastqs/PQHDRM/CAGATAAGCG-TTCACCTTCA_1_sequence.txt.bz2	/data/service/Pools/EsViritu/p2026/MergedFastqs/PQHDRM/CAGATAAGCG-TTCACCTTCA_2_sequence.txt.bz2	bz2	sample
VB39AV	/data/service/Pools/EsViritu/p2026/MergedFastqs/VB39AV/TGTCGGCGAT-ACAGGTACTC_1_sequence.txt.bz2	/data/service/Pools/EsViritu/p2026/MergedFastqs/VB39AV/TGTCGGCGAT-ACAGGTACTC_2_sequence.txt.bz2	bz2	sample
WLYQWK	/data/service/Pools/EsViritu/p2026/MergedFastqs/WLYQWK/TCCGATGGAA-AATCCGACAC_1_sequence.txt.bz2	/data/service/Pools/EsViritu/p2026/MergedFastqs/WLYQWK/TCCGATGGAA-AATCCGACAC_2_sequence.txt.bz2	bz2	sample
SAKF6F	/data/service/Pools/EsViritu/p2026/MergedFastqs/SAKF6F/TGATGTCGAA-TATAGGACCT_1_sequence.txt.bz2	/data/service/Pools/EsViritu/p2026/MergedFastqs/SAKF6F/TGATGTCGAA-TATAGGACCT_2_sequence.txt.bz2	bz2	sample
GDM89Q	/data/service/Pools/EsViritu/p2026/MergedFastqs/GDM89Q/TTAGTCTGCT-CAGCGCTAAG_1_sequence.txt.bz2	/data/service/Pools/EsViritu/p2026/MergedFastqs/GDM89Q/TTAGTCTGCT-CAGCGCTAAG_2_sequence.txt.bz2	bz2	sample
S9FNC7	/data/service/Pools/EsViritu/p2026/MergedFastqs/S9FNC7/AGTTCCGCTC-ACGTTAGAGT_1_sequence.txt.bz2	/data/service/Pools/EsViritu/p2026/MergedFastqs/S9FNC7/AGTTCCGCTC-ACGTTAGAGT_2_sequence.txt.bz2	bz2	sample
EAESQ3	/data/service/Pools/EsViritu/p2026/MergedFastqs/EAESQ3/ACTTAACACC-CTAGATAGCA_1_sequence.txt.bz2	/data/service/Pools/EsViritu/p2026/MergedFastqs/EAESQ3/ACTTAACACC-CTAGATAGCA_2_sequence.txt.bz2	bz2	sample
KBEYQP	/data/service/Pools/EsViritu/p2026/MergedFastqs/KBEYQP/GCCAAGGAGT-TTGGACCTTA_1_sequence.txt.bz2	/data/service/Pools/EsViritu/p2026/MergedFastqs/KBEYQP/GCCAAGGAGT-TTGGACCTTA_2_sequence.txt.bz2	bz2	sample
LDC3TG	/data/service/Pools/EsViritu/p2026/MergedFastqs/LDC3TG/TGCCTTGCGT-ACCTTACGTG_1_sequence.txt.bz2	/data/service/Pools/EsViritu/p2026/MergedFastqs/LDC3TG/TGCCTTGCGT-ACCTTACGTG_2_sequence.txt.bz2	bz2	sample
S4VM74	/data/service/Pools/EsViritu/p2026/MergedFastqs/S4VM74/GCAAGGTTCC-TGTAGCACAG_1_sequence.txt.bz2	/data/service/Pools/EsViritu/p2026/MergedFastqs/S4VM74/GCAAGGTTCC-TGTAGCACAG_2_sequence.txt.bz2	bz2	sample
YX6FKL	/data/service/Pools/EsViritu/p2026/MergedFastqs/YX6FKL/GAATGTGTTG-CCATCTCCGT_1_sequence.txt.bz2	/data/service/Pools/EsViritu/p2026/MergedFastqs/YX6FKL/GAATGTGTTG-CCATCTCCGT_2_sequence.txt.bz2	bz2	sample
FRXQR3	/data/service/Pools/EsViritu/p2026/MergedFastqs/FRXQR3/TGCATGTTAC-CTAACAGAGA_1_sequence.txt.bz2	/data/service/Pools/EsViritu/p2026/MergedFastqs/FRXQR3/TGCATGTTAC-CTAACAGAGA_2_sequence.txt.bz2	bz2	sample
CH6MJH	/data/service/Pools/EsViritu/p2026/MergedFastqs/CH6MJH/CACAACCGAA-GACTAGGTCC_1_sequence.txt.bz2	/data/service/Pools/EsViritu/p2026/MergedFastqs/CH6MJH/CACAACCGAA-GACTAGGTCC_2_sequence.txt.bz2	bz2	sample
KEG9V4	/data/service/Pools/EsViritu/p2026/MergedFastqs/KEG9V4/ATAGGACACA-TTGACGTCTT_1_sequence.txt.bz2	/data/service/Pools/EsViritu/p2026/MergedFastqs/KEG9V4/ATAGGACACA-TTGACGTCTT_2_sequence.txt.bz2	bz2	sample
FTUWTU	/data/service/Pools/EsViritu/p2026/MergedFastqs/FTUWTU/AGTAACACGG-AGGTGCTTGC_1_sequence.txt.bz2	/data/service/Pools/EsViritu/p2026/MergedFastqs/FTUWTU/AGTAACACGG-AGGTGCTTGC_2_sequence.txt.bz2	bz2	sample
J7TAWX	/data/service/Pools/EsViritu/p2026/MergedFastqs/J7TAWX/ACGGACACCT-TCGAAGTTCT_1_sequence.txt.bz2	/data/service/Pools/EsViritu/p2026/MergedFastqs/J7TAWX/ACGGACACCT-TCGAAGTTCT_2_sequence.txt.bz2	bz2	sample
Q4W3HD	/data/service/Pools/EsViritu/p2026/MergedFastqs/Q4W3HD/CGCCTTCTTG-GGTCACACCT_1_sequence.txt.bz2	/data/service/Pools/EsViritu/p2026/MergedFastqs/Q4W3HD/CGCCTTCTTG-GGTCACACCT_2_sequence.txt.bz2	bz2	sample
VTK6SG	/data/service/Pools/EsViritu/p2026/MergedFastqs/VTK6SG/ACTGCCTCGA-ATGCCGTAAC_1_sequence.txt.bz2	/data/service/Pools/EsViritu/p2026/MergedFastqs/VTK6SG/ACTGCCTCGA-ATGCCGTAAC_2_sequence.txt.bz2	bz2	sample
AV46RH	/data/service/Pools/EsViritu/p2026/MergedFastqs/AV46RH/GACCAGATTC-CAAGCTATTC_1_sequence.txt.bz2	/data/service/Pools/EsViritu/p2026/MergedFastqs/AV46RH/GACCAGATTC-CAAGCTATTC_2_sequence.txt.bz2	bz2	sample
V82AJQ	/data/service/Pools/EsViritu/p2026/MergedFastqs/V82AJQ/TAAGGTCCAA-TCTGTGAAGA_1_sequence.txt.bz2	/data/service/Pools/EsViritu/p2026/MergedFastqs/V82AJQ/TAAGGTCCAA-TCTGTGAAGA_2_sequence.txt.bz2	bz2	sample
RC2B9Y	/data/service/Pools/EsViritu/p2026/MergedFastqs/RC2B9Y/CGTTACAGCG-CTATCTCTCT_1_sequence.txt.bz2	/data/service/Pools/EsViritu/p2026/MergedFastqs/RC2B9Y/CGTTACAGCG-CTATCTCTCT_2_sequence.txt.bz2	bz2	sample
UNZGRX	/data/service/Pools/EsViritu/p2026/MergedFastqs/UNZGRX/ACCATTGGTT-CCGTTCTCCT_1_sequence.txt.bz2	/data/service/Pools/EsViritu/p2026/MergedFastqs/UNZGRX/ACCATTGGTT-CCGTTCTCCT_2_sequence.txt.bz2	bz2	sample
ETSHZ6	/data/service/Pools/EsViritu/p2026/MergedFastqs/ETSHZ6/GCGTAATACA-TTCGATCTTG_1_sequence.txt.bz2	/data/service/Pools/EsViritu/p2026/MergedFastqs/ETSHZ6/GCGTAATACA-TTCGATCTTG_2_sequence.txt.bz2	bz2	sample
CK2YK7	/data/service/Pools/EsViritu/p2026/MergedFastqs/CK2YK7/GAACATGCAA-GAAGGTCAGA_1_sequence.txt.bz2	/data/service/Pools/EsViritu/p2026/MergedFastqs/CK2YK7/GAACATGCAA-GAAGGTCAGA_2_sequence.txt.bz2	bz2	sample
ND5Q4P	/data/service/Pools/EsViritu/p2026/MergedFastqs/ND5Q4P/GGTAACGCCT-TACCGCGGAA_1_sequence.txt.bz2	/data/service/Pools/EsViritu/p2026/MergedFastqs/ND5Q4P/GGTAACGCCT-TACCGCGGAA_2_sequence.txt.bz2	bz2	sample
FS3DW4	/data/service/Pools/EsViritu/p2026/MergedFastqs/FS3DW4/TGCTCCTGTC-AAGACGACTT_1_sequence.txt.bz2	/data/service/Pools/EsViritu/p2026/MergedFastqs/FS3DW4/TGCTCCTGTC-AAGACGACTT_2_sequence.txt.bz2	bz2	sample
TDJXZZ	/data/service/Pools/EsViritu/p2026/MergedFastqs/TDJXZZ/CTTCAGCAGG-CGGTTACGAG_1_sequence.txt.bz2	/data/service/Pools/EsViritu/p2026/MergedFastqs/TDJXZZ/CTTCAGCAGG-CGGTTACGAG_2_sequence.txt.bz2	bz2	sample
Z22985	/data/service/Pools/EsViritu/p2026/MergedFastqs/Z22985/ACAGCATAGA-TGGACGGAGT_1_sequence.txt.bz2	/data/service/Pools/EsViritu/p2026/MergedFastqs/Z22985/ACAGCATAGA-TGGACGGAGT_2_sequence.txt.bz2	bz2	sample
X53J7T	/data/service/Pools/EsViritu/p2026/MergedFastqs/X53J7T/CATTCCTCCG-TGCAGAAGCT_1_sequence.txt.bz2	/data/service/Pools/EsViritu/p2026/MergedFastqs/X53J7T/CATTCCTCCG-TGCAGAAGCT_2_sequence.txt.bz2	bz2	sample
FHQE2K	/data/service/Pools/EsViritu/p2026/MergedFastqs/FHQE2K/CCATCCACGA-ATCGCCGACA_1_sequence.txt.bz2	/data/service/Pools/EsViritu/p2026/MergedFastqs/FHQE2K/CCATCCACGA-ATCGCCGACA_2_sequence.txt.bz2	bz2	sample
P3JLK8	/data/service/Pools/EsViritu/p2026/MergedFastqs/P3JLK8/AGATGGATGG-CGTTGACTAT_1_sequence.txt.bz2	/data/service/Pools/EsViritu/p2026/MergedFastqs/P3JLK8/AGATGGATGG-CGTTGACTAT_2_sequence.txt.bz2	bz2	sample
U8SRW6	/data/service/Pools/EsViritu/p2026/MergedFastqs/U8SRW6/TTGCTGAGTT-TGACCAGCAC_1_sequence.txt.bz2	/data/service/Pools/EsViritu/p2026/MergedFastqs/U8SRW6/TTGCTGAGTT-TGACCAGCAC_2_sequence.txt.bz2	bz2	sample
WKUSUQ	/data/service/Pools/EsViritu/p2026/MergedFastqs/WKUSUQ/TCTATCCTGG-GCTCATTCAT_1_sequence.txt.bz2	/data/service/Pools/EsViritu/p2026/MergedFastqs/WKUSUQ/TCTATCCTGG-GCTCATTCAT_2_sequence.txt.bz2	bz2	sample
ER9GHA	/data/service/Pools/EsViritu/p2026/MergedFastqs/ER9GHA/TAGCGACGAA-GTGCGATCGA_1_sequence.txt.bz2	/data/service/Pools/EsViritu/p2026/MergedFastqs/ER9GHA/TAGCGACGAA-GTGCGATCGA_2_sequence.txt.bz2	bz2	sample
RDREC2	/data/service/Pools/EsViritu/p2026/MergedFastqs/RDREC2/AACAGAACCT-CATGTTGTGG_1_sequence.txt.bz2	/data/service/Pools/EsViritu/p2026/MergedFastqs/RDREC2/AACAGAACCT-CATGTTGTGG_2_sequence.txt.bz2	bz2	sample
LV7MRM	/data/service/Pools/EsViritu/p2026/MergedFastqs/LV7MRM/AGCTTGTCTC-TTCGAGTGTA_1_sequence.txt.bz2	/data/service/Pools/EsViritu/p2026/MergedFastqs/LV7MRM/AGCTTGTCTC-TTCGAGTGTA_2_sequence.txt.bz2	bz2	sample
PJUHCR	/data/service/Pools/EsViritu/p2026/MergedFastqs/PJUHCR/TGGAATCTTG-AATGGCACAC_1_sequence.txt.bz2	/data/service/Pools/EsViritu/p2026/MergedFastqs/PJUHCR/TGGAATCTTG-AATGGCACAC_2_sequence.txt.bz2	bz2	sample
HU7SXE	/data/service/Pools/EsViritu/p2026/MergedFastqs/HU7SXE/CGACAGCAGT-CCACTTCCAT_1_sequence.txt.bz2	/data/service/Pools/EsViritu/p2026/MergedFastqs/HU7SXE/CGACAGCAGT-CCACTTCCAT_2_sequence.txt.bz2	bz2	sample
UNZ85T	/data/service/Pools/EsViritu/p2026/MergedFastqs/UNZ85T/GTAAGTGGAA-CAGTGGCTTA_1_sequence.txt.bz2	/data/service/Pools/EsViritu/p2026/MergedFastqs/UNZ85T/GTAAGTGGAA-CAGTGGCTTA_2_sequence.txt.bz2	bz2	sample
FJYLEQ	/data/service/Pools/EsViritu/p2026/MergedFastqs/FJYLEQ/GTACAACGAA-GGAGTGAGCT_1_sequence.txt.bz2	/data/service/Pools/EsViritu/p2026/MergedFastqs/FJYLEQ/GTACAACGAA-GGAGTGAGCT_2_sequence.txt.bz2	bz2	sample
LCTJQN	/data/service/Pools/EsViritu/p2026/MergedFastqs/LCTJQN/GAGTATACGT-TCCTCCAGTG_1_sequence.txt.bz2	/data/service/Pools/EsViritu/p2026/MergedFastqs/LCTJQN/GAGTATACGT-TCCTCCAGTG_2_sequence.txt.bz2	bz2	sample
SRYYZ7	/data/service/Pools/EsViritu/p2026/MergedFastqs/SRYYZ7/TCGTCATCTT-CCTCTTACAA_1_sequence.txt.bz2	/data/service/Pools/EsViritu/p2026/MergedFastqs/SRYYZ7/TCGTCATCTT-CCTCTTACAA_2_sequence.txt.bz2	bz2	sample
GDM5SA	/data/service/Pools/EsViritu/p2026/MergedFastqs/GDM5SA/TTGAGTGCGG-CTAGCAGACG_1_sequence.txt.bz2	/data/service/Pools/EsViritu/p2026/MergedFastqs/GDM5SA/TTGAGTGCGG-CTAGCAGACG_2_sequence.txt.bz2	bz2	sample
FSGQHR	/data/service/Pools/EsViritu/p2026/MergedFastqs/FSGQHR/CTAGGCTAGA-CACTATGGCG_1_sequence.txt.bz2	/data/service/Pools/EsViritu/p2026/MergedFastqs/FSGQHR/CTAGGCTAGA-CACTATGGCG_2_sequence.txt.bz2	bz2	sample
ZA2CFK	/data/service/Pools/EsViritu/p2026/MergedFastqs/ZA2CFK/CCTGACAGAG-TAGATACTGG_1_sequence.txt.bz2	/data/service/Pools/EsViritu/p2026/MergedFastqs/ZA2CFK/CCTGACAGAG-TAGATACTGG_2_sequence.txt.bz2	bz2	sample
Q275ST	/data/service/Pools/EsViritu/p2026/MergedFastqs/Q275ST/CTTGGCAGTG-GGCCTAGATT_1_sequence.txt.bz2	/data/service/Pools/EsViritu/p2026/MergedFastqs/Q275ST/CTTGGCAGTG-GGCCTAGATT_2_sequence.txt.bz2	bz2	sample
AVMXCL	/data/service/Pools/EsViritu/p2026/MergedFastqs/AVMXCL/TGTCAAGCGT-TTCTGAGTCA_1_sequence.txt.bz2	/data/service/Pools/EsViritu/p2026/MergedFastqs/AVMXCL/TGTCAAGCGT-TTCTGAGTCA_2_sequence.txt.bz2	bz2	sample
FSHYQA	/data/service/Pools/EsViritu/p2026/MergedFastqs/FSHYQA/CTTAAGTGAC-AACTAGCGTA_1_sequence.txt.bz2	/data/service/Pools/EsViritu/p2026/MergedFastqs/FSHYQA/CTTAAGTGAC-AACTAGCGTA_2_sequence.txt.bz2	bz2	sample
JYLXRV	/data/service/Pools/EsViritu/p2026/MergedFastqs/JYLXRV/GCCGAACCAA-CCAGAATGGC_1_sequence.txt.bz2	/data/service/Pools/EsViritu/p2026/MergedFastqs/JYLXRV/GCCGAACCAA-CCAGAATGGC_2_sequence.txt.bz2	bz2	sample
PN5BKB	/data/service/Pools/EsViritu/p2026/MergedFastqs/PN5BKB/CACAATCTCT-GGTACTGCTG_1_sequence.txt.bz2	/data/service/Pools/EsViritu/p2026/MergedFastqs/PN5BKB/CACAATCTCT-GGTACTGCTG_2_sequence.txt.bz2	bz2	sample
CGU3PA	/data/service/Pools/EsViritu/p2026/MergedFastqs/CGU3PA/TGTGGTATAC-TAGGACAGGC_1_sequence.txt.bz2	/data/service/Pools/EsViritu/p2026/MergedFastqs/CGU3PA/TGTGGTATAC-TAGGACAGGC_2_sequence.txt.bz2	bz2	sample
LS7USG	/data/service/Pools/EsViritu/p2026/MergedFastqs/LS7USG/GCAATGTCGG-CGAACCACAG_1_sequence.txt.bz2	/data/service/Pools/EsViritu/p2026/MergedFastqs/LS7USG/GCAATGTCGG-CGAACCACAG_2_sequence.txt.bz2	bz2	sample
KLKLPN	/data/service/Pools/EsViritu/p2026/MergedFastqs/KLKLPN/ACATCGGCCT-GCGTAATGTT_1_sequence.txt.bz2	/data/service/Pools/EsViritu/p2026/MergedFastqs/KLKLPN/ACATCGGCCT-GCGTAATGTT_2_sequence.txt.bz2	bz2	sample
YD7PLU	/data/service/Pools/EsViritu/p2026/MergedFastqs/YD7PLU/CTCGAAGGAA-ATAGGCCTCG_1_sequence.txt.bz2	/data/service/Pools/EsViritu/p2026/MergedFastqs/YD7PLU/CTCGAAGGAA-ATAGGCCTCG_2_sequence.txt.bz2	bz2	sample
WERMQA	/data/service/Pools/EsViritu/p2026/MergedFastqs/WERMQA/CAGCTGCTTC-CGGATCGGAT_1_sequence.txt.bz2	/data/service/Pools/EsViritu/p2026/MergedFastqs/WERMQA/CAGCTGCTTC-CGGATCGGAT_2_sequence.txt.bz2	bz2	sample
JSBGRT	/data/service/Pools/EsViritu/p2026/MergedFastqs/JSBGRT/GTACATACTC-GCAACCTATA_1_sequence.txt.bz2	/data/service/Pools/EsViritu/p2026/MergedFastqs/JSBGRT/GTACATACTC-GCAACCTATA_2_sequence.txt.bz2	bz2	sample
M6XA6H	/data/service/Pools/EsViritu/p2026/MergedFastqs/M6XA6H/TGCGGATCTG-AGACCTCCGT_1_sequence.txt.bz2	/data/service/Pools/EsViritu/p2026/MergedFastqs/M6XA6H/TGCGGATCTG-AGACCTCCGT_2_sequence.txt.bz2	bz2	sample
KY838M	/data/service/Pools/EsViritu/p2026/MergedFastqs/KY838M/TCGATCGCAC-TTGAATCTCC_1_sequence.txt.bz2	/data/service/Pools/EsViritu/p2026/MergedFastqs/KY838M/TCGATCGCAC-TTGAATCTCC_2_sequence.txt.bz2	bz2	sample
D6KACX	/data/service/Pools/EsViritu/p2026/MergedFastqs/D6KACX/GAATCCGTGG-TCTCATGTGA_1_sequence.txt.bz2	/data/service/Pools/EsViritu/p2026/MergedFastqs/D6KACX/GAATCCGTGG-TCTCATGTGA_2_sequence.txt.bz2	bz2	sample
KUNDET	/data/service/Pools/EsViritu/p2026/MergedFastqs/KUNDET/GGTCCTCAGA-GAAGTGACTC_1_sequence.txt.bz2	/data/service/Pools/EsViritu/p2026/MergedFastqs/KUNDET/GGTCCTCAGA-GAAGTGACTC_2_sequence.txt.bz2	bz2	sample
C5YZKN	/data/service/Pools/EsViritu/p2026/MergedFastqs/C5YZKN/ACGTGAACAT-CACGGCTAGT_1_sequence.txt.bz2	/data/service/Pools/EsViritu/p2026/MergedFastqs/C5YZKN/ACGTGAACAT-CACGGCTAGT_2_sequence.txt.bz2	bz2	sample
CMMR_Non-Hybridized_Control	/data/service/Pools/EsViritu/p2026/MergedFastqs/CMMR_Non-Hybridized_Control/TAGGTTGGAA-TCTAGGAACA_1_sequence.txt.bz2	/data/service/Pools/EsViritu/p2026/MergedFastqs/CMMR_Non-Hybridized_Control/TAGGTTGGAA-TCTAGGAACA_2_sequence.txt.bz2	bz2	control
BY2SC8	/data/service/Pools/EsViritu/p2026/MergedFastqs/BY2SC8/AGTCCACGAA-CCTCCTTATT_1_sequence.txt.bz2	/data/service/Pools/EsViritu/p2026/MergedFastqs/BY2SC8/AGTCCACGAA-CCTCCTTATT_2_sequence.txt.bz2	bz2	sample
A343UB	/data/service/Pools/EsViritu/p2026/MergedFastqs/A343UB/TTCTATTGCG-GTGTCACGAC_1_sequence.txt.bz2	/data/service/Pools/EsViritu/p2026/MergedFastqs/A343UB/TTCTATTGCG-GTGTCACGAC_2_sequence.txt.bz2	bz2	sample
CMMR_Hybridized_Control	/data/service/Pools/EsViritu/p2026/MergedFastqs/CMMR_Hybridized_Control/CATATGACGG-TCTGTGACAT_1_sequence.txt.bz2	/data/service/Pools/EsViritu/p2026/MergedFastqs/CMMR_Hybridized_Control/CATATGACGG-TCTGTGACAT_2_sequence.txt.bz2	bz2	control
